LineId,Content,EventId,EventTemplate,问题,答案
2,"acquire lock=233570404, flags=0x1, tag=""View Lock"", name=com.android.systemui, ws=null, uid=10037, pid=2227",E10,"acquire lock=<*>, flags=<*>, tag=""<*>"", name=<*>, ws=<*>, uid=<*>, pid=<*>",什么是“ViewLock”在Android系统中的作用？,在Android系统中，“ViewLock”用于控制系统界面的锁定，以防止意外的用户交互或误操作。
1,"printFreezingDisplayLogsopening app wtoken = AppWindowToken{9f4ef63 token=Token{a64f992 ActivityRecord{de9231d u0 com.tencent.qt.qtl/.activity.info.NewsDetailXmlActivity t761}}}, allDrawn= false, startingDisplayed =  false, startingMoved =  false, isRelaunching =  false",E100,"printFreezingDisplayLogsopening app wtoken = AppWindowToken{<*> token=Token{<*> ActivityRecord{<*> u0 <*>/.<*> t761}}}, allDrawn= false, startingDisplayed =  false, startingMoved =  false, isRelaunching =  false",这段日志中的关键信息是什么？,关键信息包括`AppWindowToken{9f4ef63token=Token{a64f992ActivityRecord{de9231du0com.tencent.qt.qtl/.activity.info.NewsDetailXmlActivityt761}}}`和状态信息如`allDrawn=false`、`startingDisplayed=false`等。
3,"ready=true,policy=3,wakefulness=1,wksummary=0x23,uasummary=0x1,bootcompleted=true,boostinprogress=false,waitmodeenable=false,mode=false,manual=38,auto=-1,adj=0.0userId=0",E103,"ready=true,policy=<*>,wakefulness=<*>,wksummary=<*>,uasummary=<*>,bootcompleted=true,boostinprogress=false,waitmodeenable=false,mode=false,manual=<*>,auto=<*>,adj=<*>.0userId=<*>",这段文本似乎描述了什么类型的系统状态？,这段文本似乎描述了一个系统的状态，其中包括一些参数和标志，如就绪状态、策略、唤醒状态等。
4,Skipping AppWindowToken{df0798e token=Token{78af589 ActivityRecord{3b04890 u0 com.tencent.qt.qtl/com.tencent.video.player.activity.PlayerActivity t761}}} -- going to hide,E131,Skipping AppWindowToken{<*> token=Token{<*> ActivityRecord{<*> u0 <*>}}} -- going to hide,"为什么会出现""SkippingAppWindowToken""的错误，以及如何解决它？",这个错误通常表示在处理窗口标记时发生了问题，可能是由于应用程序活动切换或隐藏导致的。要解决此问题，您可以尝试重新启动应用程序或查看与窗口处理相关的代码，确保没有不正确的标记使用。
5,visible is system.time.showampm,E165,visible is <*>,系统时间是否显示上午和下午？,是的，系统时间显示上午和下午。
6,mVisiblity.getValue is false,E82,mVisiblity.getValue is false,在这段代码中，mVisibility.getValue是否为false？,是的，根据提供的代码片段，mVisibility.getValue的值为false。
7,visible is system.charge.show,E165,visible is <*>,什么是visibleissystem.charge.show？,visibleissystem.charge.show是一个命令或功能，可能用于显示系统的充电状态或相关信息。
8,mVisiblity.getValue is false,E82,mVisiblity.getValue is false,mVisibility.getValue是false的是什么意思？,mVisibility.getValue为false意味着可见性的值为假，可能表示该对象或元素当前处于隐藏状态。
9,visible is system.call.count gt 0,E166,visible is <*> gt <*>,,
11,visible is system.message.count gt 0,E166,visible is <*> gt <*>,,
10,mVisiblity.getValue is false,E82,mVisiblity.getValue is false,为什么`mVisibility.getValue`的返回值是false？,`mVisibility.getValue`的返回值为false可能是由于相应的可见性属性在当前上下文中被设置为false，或者可能存在其他条件导致该值为false。
13,visible is system.ownerinfo.show,E165,visible is <*>,,
12,mVisiblity.getValue is false,E82,mVisiblity.getValue is false,什么情况下会导致mVisiblity.getValue()返回false？,mVisiblity.getValue()返回false通常意味着相应对象或元素的可见性状态为假。
14,mVisiblity.getValue is false,E82,mVisiblity.getValue is false,为什么 mVisibility.getValue() 返回 false？,可能是因为在调用 mVisibility.getValue() 方法时，返回的值为 false。
15,"release:lock=233570404, flg=0x0, tag=""View Lock"", name=com.android.systemui"", ws=null, uid=10037, pid=2227",E108,"release:lock=<*>, flg=<*>, tag=""<*>"", name=<*>, ws=<*>, uid=<*>, pid=<*>",什么是锁释放信息的标识符和名称？,"标识符为233570404，名称为""ViewLock""。"
18,"updateClipping isOverlap:false, getTopPadding=333.0, Translation=-24.0",E155,"updateClipping isOverlap:false, getTopPadding=<*>.<*>, Translation=<*>.<*>",,
17,Skipping AppWindowToken{df0798e token=Token{78af589 ActivityRecord{3b04890 u0 com.tencent.qt.qtl/com.tencent.video.player.activity.PlayerActivity t761}}} -- going to hide,E131,Skipping AppWindowToken{<*> token=Token{<*> ActivityRecord{<*> u0 <*>}}} -- going to hide,"为什么会出现 ""SkippingAppWindowToken{df0798etoken=Token{78af589ActivityRecord{3b04890u0com.tencent.qt.qtl/com.tencent.video.player.activity.PlayerActivityt761}}}--goingtohide"" 这样的消息？",这个消息通常是由于Android系统中的窗口管理器遇到了无法识别的窗口标记，可能是由于某些应用程序或系统组件的错误导致的。
16,"ready=true,policy=3,wakefulness=1,wksummary=0x23,uasummary=0x1,bootcompleted=true,boostinprogress=false,waitmodeenable=false,mode=false,manual=38,auto=-1,adj=0.0userId=0",E103,"ready=true,policy=<*>,wakefulness=<*>,wksummary=<*>,uasummary=<*>,bootcompleted=true,boostinprogress=false,waitmodeenable=false,mode=false,manual=<*>,auto=<*>,adj=<*>.0userId=<*>",,
19,updateDimmedActivatedHideSensitive overlap:false,E157,updateDimmedActivatedHideSensitive overlap:false,,
